{"AWS-Services": [
{"PutRequest": {"Item": {"Category": {"S": "Networking"}, "Acronym": {"S": "R53"}, "Name": {"S": "Amazon Route 53"}, "Icon": {"S": "Networking_AmazonRoute53"}}}},
{"PutRequest": {"Item": {"Category": {"S": "Networking"}, "Acronym": {"S": "VPC"}, "Name": {"S": "Amazon Virtual Private Cloud"}, "Icon": {"S": "Networking_AmazonVPC"}}}},
{"PutRequest": {"Item": {"Category": {"S": "Networking"}, "Name": {"S": "Amazon VPC Flow Logs"}, "Icon": {"S": "Networking_AmazonVPC_flowlogs"}}}},
{"PutRequest": {"Item": {"Category": {"S": "Networking"}, "Name": {"S": "AWS Direct Connect"}, "Icon": {"S": "Networking_AWSDirectConnect"}}}},
{"PutRequest": {"Item": {"Category": {"S": "On-Demand Workforce"}, "Name": {"S": "Amazon Mechanical Turk"}, "Icon": {"S": "On-Demand-Workforce_AmazonMechanicalTurk"}}}},
{"PutRequest": {"Item": {"Category": {"S": "Security & Identity"}, "Acronym": {"S": "ACM"}, "Name": {"S": "Amazon Certificate Manager"}, "Icon": {"S": "Security-Identity_ACM"}}}},
{"PutRequest": {"Item": {"Category": {"S": "Security & Identity"}, "Name": {"S": "Amazon Inspector"}, "Icon": {"S": "Security-Identity_AmazonInspector"}}}},
{"PutRequest": {"Item": {"Category": {"S": "Security & Identity"}, "Name": {"S": "AWS CloudHSM"}, "Icon": {"S": "Security-Identity_AWSCloudHSM"}}}},
{"PutRequest": {"Item": {"Category": {"S": "Security & Identity"}, "Name": {"S": "AWS Directory Service"}, "Icon": {"S": "Security-Identity_AWSDirectoryService"}}}},
{"PutRequest": {"Item": {"Category": {"S": "Security & Identity"}, "Acronym": {"S": "IAM"}, "Name": {"S": "AWS Identity and Access Management"}, "Icon": {"S": "Security-Identity_AWSIAM"}}}},
{"PutRequest": {"Item": {"Category": {"S": "Security & Identity"}, "Acronym": {"S": "STS"}, "Name": {"S": "AWS Security Token Service"}, "Icon": {"S": "Security-Identity_AWSIAM_AWSSTS"}}}},
{"PutRequest": {"Item": {"Category": {"S": "Security & Identity"}, "Acronym": {"S": "KMS"}, "Name": {"S": "AWS Key Management Service"}, "Icon": {"S": "Security-Identity_AWSKMS"}}}},
{"PutRequest": {"Item": {"Category": {"S": "Security & Identity"}, "Acronym": {"S": "WAF"}, "Name": {"S": "AWS Web Application Firewall"}, "Icon": {"S": "Security-Identity_AWSWAF"}}}},
{"PutRequest": {"Item": {"Category": {"S": "Storage and Content Delivery"}, "Acronym": {"S": "CF"}, "Name": {"S": "Amazon CloudFront"}, "Icon": {"S": "Storage-Content-Delivery_AmazonCloudFront"}}}},
{"PutRequest": {"Item": {"Category": {"S": "Storage and Content Delivery"}, "Acronym": {"S": "EBS"}, "Name": {"S": "Amazon Elastic Block Store"}, "Icon": {"S": "Storage-Content-Delivery_AmazonEBS"}}}},
{"PutRequest": {"Item": {"Category": {"S": "Storage and Content Delivery"}, "Acronym": {"S": "EFS"}, "Name": {"S": "Amazon Elastic FileSystem"}, "Icon": {"S": "Storage-Content-Delivery_AmazonEFS"}}}},
{"PutRequest": {"Item": {"Category": {"S": "Storage and Content Delivery"}, "Name": {"S": "Amazon Glacier"}, "Icon": {"S": "Storage-Content-Delivery_AmazonGlacier"}}}},
{"PutRequest": {"Item": {"Category": {"S": "Storage and Content Delivery"}, "Acronym": {"S": "S3"}, "Name": {"S": "Amazon Simple Storage Service"}, "Icon": {"S": "Storage-Content-Delivery_AmazonS3"}}}},
{"PutRequest": {"Item": {"Category": {"S": "Storage and Content Delivery"}, "Name": {"S": "Amazon Import/Export Snowball"}, "Icon": {"S": "Storage-Content-Delivery_AWSImportExportSnowball"}}}},
{"PutRequest": {"Item": {"Category": {"S": "Storage and Content Delivery"}, "Name": {"S": "AWS Storage Gateway"}, "Icon": {"S": "Storage-Content-Delivery_AWSStorageGateway"}}}}]}