{
	"AWS-Services": [
	{
		"PutRequest": {
			"Item": {
				"Category": {"S": "Analytics"}, 
				"Acronym": {"S": "ES"}, 
				"Name": {"S": "Amazon Elasticsearch"}, 
				"Icon": {"S": "Analytics_AmazonElasticsearchService"}
			}
		}
	},
	{
		"PutRequest": {
			"Item": {
				"Category": {"S": "Analytics"},
				"Acronym": {"S": "EMR"},
				"Name": {"S": "Amazon Elastic MapReduce"},
				"Icon": {"S": "Analytics_AmazonEMR"}
				}
			}
		},
{"PutRequest": {"Item": {"Category": {"S": "Analytics"},  "Name": {"S": "Amazon Kinesis"}, "Icon": {"S": "Analytics_AmazonKinesis"}}}},
{"PutRequest": {"Item": {"Category": {"S": "Analytics"}, "Acronym": {"S": "AML"}, "Name": {"S": "Amazon Machine Learning"}, "Icon": {"S": "Analytics_AmazonMachineLearning"}}}},
{"PutRequest": {"Item": {"Category": {"S": "Analytics"}, "Acronym": {"S": "QS"}, "Name": {"S": "Amazon QuickSight"}, "Icon": {"S": "Analytics_AmazonQuickSight"}}}},
{"PutRequest": {"Item": {"Category": {"S": "Analytics"},  "Name": {"S": "AWS DataPipeline"}, "Icon": {"S": "Analytics_AWSDataPipeline"}}}},
{"PutRequest": {"Item": {"Category": {"S": "Application Services"}, "Acronym": {"S": "API-G"}, "Name": {"S": "Amazon API Gateway"}, "Icon": {"S": "Application-Services_AmazonAPIGateway"}}}},
{"PutRequest": {"Item": {"Category": {"S": "Application Services"},  "Name": {"S": "Amazon AppStream"}, "Icon": {"S": "Application-Services_AmazonAppStream"}}}},
{"PutRequest": {"Item": {"Category": {"S": "Application Services"},  "Name": {"S": "Amazon CloudSearch"}, "Icon": {"S": "Application-Services_AmazonCloudSearch"}}}},
{"PutRequest": {"Item": {"Category": {"S": "Application Services"},  "Name": {"S": "Amazon Elastic Transcoder"}, "Icon": {"S": "Application-Services_AmazonElasticTranscoder"}}}},
{"PutRequest": {"Item": {"Category": {"S": "Application Services"}, "Acronym": {"S": "SES"}, "Name": {"S": "Amazon Simple Email Service"}, "Icon": {"S": "Application-Services_AmazonSES"}}}},
{"PutRequest": {"Item": {"Category": {"S": "Application Services"}, "Acronym": {"S": "SQS"}, "Name": {"S": "Amazon Simple Queue Service"}, "Icon": {"S": "Application-Services_AmazonSQS"}}}},
{"PutRequest": {"Item": {"Category": {"S": "Application Services"}, "Acronym": {"S": "SWF"}, "Name": {"S": "Amazon Simple Workflow"}, "Icon": {"S": "Application-Services_AmazonSWF"}}}},
{"PutRequest": {"Item": {"Category": {"S": "Compute"}, "Acronym": {"S": "EC2"}, "Name": {"S": "Amazon Elastic Compute Cloud"}, "Icon": {"S": "Compute_AmazonEC2"}}}},
{"PutRequest": {"Item": {"Category": {"S": "Compute"}, "Acronym": {"S": "AMI"}, "Name": {"S": "Amazon Machine Image"}, "Icon": {"S": "Compute_AmazonEC2_AMI"}}}},
{"PutRequest": {"Item": {"Category": {"S": "Compute"}, "Acronym": {"S": "ASG"}, "Name": {"S": "Auto Scaling Group"}, "Icon": {"S": "Compute_AmazonEC2_AutoScaling"}}}},
{"PutRequest": {"Item": {"Category": {"S": "Compute"}, "Acronym": {"S": "EIP"}, "Name": {"S": "Amazon Elastic IP"}, "Icon": {"S": "Compute_AmazonEC2_ElasticIP"}}}},
{"PutRequest": {"Item": {"Category": {"S": "Compute"}, "Acronym": {"S": "ECR"}, "Name": {"S": "Amazon EC2 Container Registry"}, "Icon": {"S": "Compute_AmazonECR"}}}},
{"PutRequest": {"Item": {"Category": {"S": "Compute"}, "Acronym": {"S": "ECS"}, "Name": {"S": "Amazon EC2 Container Service"}, "Icon": {"S": "Compute_AmazonECS"}}}},
{"PutRequest": {"Item": {"Category": {"S": "Compute"}, "Acronym": {"S": "EB"}, "Name": {"S": "AWS Elastic Beanstalk"}, "Icon": {"S": "Compute_AWSElasticBeanstalk"}}}},
{"PutRequest": {"Item": {"Category": {"S": "Compute"},  "Name": {"S": "AWS Lambda"}, "Icon": {"S": "Compute_AWSLambda"}}}},
{"PutRequest": {"Item": {"Category": {"S": "Compute"}, "Acronym": {"S": "ELB"}, "Name": {"S": "Elastic Load Balancing"}, "Icon": {"S": "Compute_ElasticLoadBalancing"}}}},
{"PutRequest": {"Item": {"Category": {"S": "Database"},  "Name": {"S": "Amazon DynamoDB"}, "Icon": {"S": "Database_AmazonDynamoDB"}}}},
{"PutRequest": {"Item": {"Category": {"S": "Database"},  "Name": {"S": "Amazon ElastiCache"}, "Icon": {"S": "Database_AmazonElasticCache"}}}},
{"PutRequest": {"Item": {"Category": {"S": "Database"}, "Acronym": {"S": "RDS"}, "Name": {"S": "Amazon Relational Database Service"}, "Icon": {"S": "Database_AmazonRDS"}}}}]}
